{
  "position": {
    "x": 0,
    "y": 27.935332391693883,
    "z": -445.7388671225371
  },
  "velocity": {
    "x": 0,
    "y": 0.1794166954249046,
    "z": -1.4924358885768987
  },
  "quaternion": [
    -0.05021324998809644,
    0,
    0,
    0.9987385190957805
  ],
  "throttle": 1,
  "engineOn": true
}